job_id	created_at	status	trend_name	trend_id	input_path	output_path	output_path_original
7234498a-0515-4b8f-9f8d-b7c43fdc06f7	2026-02-03 21:30:18.606861+00	FAILED	Дерзкий кадр на капоте	a6449f4e-aa62-46de-a909-3f7ef88c7501			
96d938f8-90d5-43c8-83ab-abd6f6420a36	2026-02-04 09:09:16.961562+00	SUCCEEDED	ГТА Вайб 🎮	77cc3658-1aa2-4d50-9af8-b6f775722b42		/data/generated_images/96d938f8-90d5-43c8-83ab-abd6f6420a36/output.png	
cdfbf0a4-d4b8-44dd-8aea-041b76f83581	2026-02-04 09:10:34.430493+00	FAILED	ГТА Вайб 🎮	77cc3658-1aa2-4d50-9af8-b6f775722b42			
cfeb47cb-e4e4-4cf3-ad3e-4d8f4700ce2c	2026-02-04 09:11:11.723849+00	SUCCEEDED	ГТА Вайб 🎮	77cc3658-1aa2-4d50-9af8-b6f775722b42		/data/generated_images/cfeb47cb-e4e4-4cf3-ad3e-4d8f4700ce2c/output.png	
5166502a-c28f-4bf2-ab00-74e358cc3990	2026-02-04 09:12:46.03557+00	FAILED	ГТА Вайб 🎮	77cc3658-1aa2-4d50-9af8-b6f775722b42			
a25050de-36ea-4bb5-8f2f-ec8a25065db8	2026-02-04 09:13:05.454939+00	FAILED	ГТА Вайб 🎮	77cc3658-1aa2-4d50-9af8-b6f775722b42			
60d3d090-6fcd-4ce3-b9b2-6cf2d028729e	2026-02-04 11:53:33.156047+00	FAILED	ГТА Вайб 🎮	77cc3658-1aa2-4d50-9af8-b6f775722b42			
f9c95b51-ad11-4aa5-a29b-f7581481d690	2026-02-04 12:01:47.097926+00	FAILED	ГТА Вайб 🎮	77cc3658-1aa2-4d50-9af8-b6f775722b42			
0b62f11a-f850-4ba9-a6f9-173d094289fb	2026-02-04 12:28:44.827783+00	FAILED	ГТА Вайб 🎮	77cc3658-1aa2-4d50-9af8-b6f775722b42			
d2ed7581-1212-49e2-81a4-30b275bb9b85	2026-02-04 12:36:43.647108+00	SUCCEEDED	Школьная любовь	675d1b07-4f8d-4fb5-89c5-9479231bf2cd		/data/generated_images/d2ed7581-1212-49e2-81a4-30b275bb9b85/output.png	
21d3b6d5-dfa0-4344-9296-438f87ddadec	2026-02-04 12:41:21.253169+00	SUCCEEDED	Уютное утро в спальне	1ffa9ef4-4bbf-4273-93d0-493330207e75		/data/generated_images/21d3b6d5-dfa0-4344-9296-438f87ddadec/output.png	
97d9c073-b255-4cca-8ed8-2ff1eb45eedd	2026-02-04 13:02:48.657814+00	FAILED	Уютное утро в спальне	1ffa9ef4-4bbf-4273-93d0-493330207e75			
851a7f3f-f614-49c3-9ee2-e10c03c5af5e	2026-02-04 13:06:03.350767+00	FAILED	Холодный допросный портрет	b46d07a2-e8d5-426d-b870-024837a5eeee			
fae2aa99-393d-486c-b16e-c346793e63ab	2026-02-04 13:12:18.799868+00	FAILED	Уютное утро в спальне	1ffa9ef4-4bbf-4273-93d0-493330207e75			
150ad00e-3fe1-41df-ba5f-e5a0fa3d5975	2026-02-04 13:14:34.123859+00	SUCCEEDED	ГТА Вайб 🎮	77cc3658-1aa2-4d50-9af8-b6f775722b42		/data/generated_images/150ad00e-3fe1-41df-ba5f-e5a0fa3d5975/output.png	
3e101644-5eda-45ee-947c-c7d54380f93e	2026-02-04 13:21:54.739135+00	SUCCEEDED	ГТА Вайб 🎮	77cc3658-1aa2-4d50-9af8-b6f775722b42		/data/generated_images/3e101644-5eda-45ee-947c-c7d54380f93e/output.png	
76de40e8-725c-4d51-aeca-871d1cdab844	2026-02-04 13:29:34.769633+00	SUCCEEDED	ГТА Вайб 🎮	77cc3658-1aa2-4d50-9af8-b6f775722b42		/data/generated_images/76de40e8-725c-4d51-aeca-871d1cdab844/output.png	
1624adbf-f06a-4b67-a774-75c6e8a588fe	2026-02-04 13:36:39.511153+00	SUCCEEDED	ГТА Вайб 🎮	77cc3658-1aa2-4d50-9af8-b6f775722b42		/data/generated_images/1624adbf-f06a-4b67-a774-75c6e8a588fe/output.png	
67b20e6b-ab36-4861-9789-cee30428a366	2026-02-04 13:41:32.377777+00	FAILED	ГТА Вайб 🎮	77cc3658-1aa2-4d50-9af8-b6f775722b42			
56b1080a-4642-40c2-a7dc-da2a6bf32ca2	2026-02-04 13:43:24.077415+00	FAILED	ГТА Вайб 🎮	77cc3658-1aa2-4d50-9af8-b6f775722b42			
c6839ec9-4553-471f-a55c-3e218fe22868	2026-02-04 13:48:16.943559+00	FAILED	ГТА Вайб 🎮	77cc3658-1aa2-4d50-9af8-b6f775722b42			
e92a7de8-ba5a-4986-9e4f-114fefb42c1c	2026-02-04 13:51:01.320468+00	SUCCEEDED	ГТА Вайб 🎮	77cc3658-1aa2-4d50-9af8-b6f775722b42		/data/generated_images/e92a7de8-ba5a-4986-9e4f-114fefb42c1c/output.png	
67c26d85-5866-4191-a495-9856d95453de	2026-02-04 14:00:02.609841+00	FAILED	ГТА Вайб 🎮	77cc3658-1aa2-4d50-9af8-b6f775722b42			
9af2c6b3-6ba8-4676-8e3f-a46997474b3d	2026-02-04 14:03:15.82666+00	FAILED	ГТА Вайб 🎮	77cc3658-1aa2-4d50-9af8-b6f775722b42			
f950ce9d-3bed-42bd-89d1-e458d24684cd	2026-02-04 14:05:29.901022+00	FAILED	ГТА Вайб 🎮	77cc3658-1aa2-4d50-9af8-b6f775722b42			
2d3a6037-b24f-432d-9286-6712d1fde089	2026-02-04 14:06:10.969484+00	FAILED	ГТА Вайб 🎮	77cc3658-1aa2-4d50-9af8-b6f775722b42			
1498a5b3-30de-42c1-b524-ab62b76a2574	2026-02-04 14:13:14.589739+00	FAILED	ГТА Вайб 🎮	77cc3658-1aa2-4d50-9af8-b6f775722b42			
464b6031-b2d7-4ea3-8ade-8f5850ff1c73	2026-02-04 14:30:22.584923+00	SUCCEEDED	Школьная любовь	675d1b07-4f8d-4fb5-89c5-9479231bf2cd		/data/generated_images/464b6031-b2d7-4ea3-8ade-8f5850ff1c73/output.png	
9ac0ce10-652f-4ab2-8df6-f1f7416c4afe	2026-02-04 14:32:20.732702+00	FAILED	Уютное утро в спальне	1ffa9ef4-4bbf-4273-93d0-493330207e75			
0e2e0e28-1d7a-4c3a-b86d-5707e0fb9dd6	2026-02-04 14:32:58.986485+00	SUCCEEDED	Уютное утро в спальне	1ffa9ef4-4bbf-4273-93d0-493330207e75		/data/generated_images/0e2e0e28-1d7a-4c3a-b86d-5707e0fb9dd6/output.png	
4e5d3522-c6cf-4439-aa3d-16adf0620259	2026-02-04 14:34:11.963449+00	SUCCEEDED	Уютное утро в спальне	1ffa9ef4-4bbf-4273-93d0-493330207e75		/data/generated_images/4e5d3522-c6cf-4439-aa3d-16adf0620259/output.png	
e94d254f-86a4-4080-9a12-ad5c76d1660a	2026-02-04 14:34:59.973307+00	FAILED	Уютное утро в спальне	1ffa9ef4-4bbf-4273-93d0-493330207e75			
4668943a-1f3d-4358-abcc-3082c24eec50	2026-02-04 15:35:50.461856+00	SUCCEEDED	Уютное утро в спальне	1ffa9ef4-4bbf-4273-93d0-493330207e75		/data/generated_images/4668943a-1f3d-4358-abcc-3082c24eec50/output.png	
58fe5e4c-3931-425f-abf0-d97f4e5a5a1f	2026-02-04 15:36:31.842224+00	SUCCEEDED	ГТА Вайб 🎮	77cc3658-1aa2-4d50-9af8-b6f775722b42		/data/generated_images/58fe5e4c-3931-425f-abf0-d97f4e5a5a1f/output.png	
8aca1316-c0a7-41c5-8078-3ce9b4c0d842	2026-02-04 16:45:44.259618+00	SUCCEEDED	Уютное утро в спальне	1ffa9ef4-4bbf-4273-93d0-493330207e75		/data/generated_images/8aca1316-c0a7-41c5-8078-3ce9b4c0d842/output.png	
06b467de-58a9-418e-be66-d8a902b69ccf	2026-02-06 15:09:18.057933+00	CREATED	Холодный допросный портрет	b46d07a2-e8d5-426d-b870-024837a5eeee	/data/generated_images/inputs/AgACAgIAAxkBAAIE9GmGBBkPz-NJPPxBZtPWBGhaTg7SAAIcDGsbna0xSMFjHGM-iYT2AQADAgADeAADOAQ.jpg		
e394339b-17c9-4cd1-bdc0-6a8d0d1aee68	2026-02-07 22:47:25.351109+00	SUCCEEDED	💡 Своя идея (custom)	custom		/data/generated_images/e394339b-17c9-4cd1-bdc0-6a8d0d1aee68/output.png	
c319b48c-8b08-405e-8bc3-656a2bfbdc34	2026-02-08 08:50:17.939626+00	FAILED	💡 Своя идея (custom)	custom	/data/generated_images/inputs/BQACAgIAAxkBAAIFZmmHwPtwx2hdzHTxA9haYnpuQiEgAAI2lgACna05SGEGiH-ZRPK0OgQ.jpg		
dcfc2f26-1564-41f6-8d7d-5206d4230841	2026-02-08 10:51:30.13165+00	SUCCEEDED	Холодный допросный портрет	b46d07a2-e8d5-426d-b870-024837a5eeee		/data/generated_images/dcfc2f26-1564-41f6-8d7d-5206d4230841/output.png	
903caa69-b9e9-4d9c-b1ed-ce7513855e50	2026-02-08 12:41:16.184478+00	SUCCEEDED	ГТА Вайб 🎮	77cc3658-1aa2-4d50-9af8-b6f775722b42		/data/generated_images/903caa69-b9e9-4d9c-b1ed-ce7513855e50/output.png	/data/generated_images/903caa69-b9e9-4d9c-b1ed-ce7513855e50/output.png
90af74ac-23ee-4e8e-892b-2ba7f136f04e	2026-02-08 13:03:17.643012+00	SUCCEEDED	Домашний портрет со вспышкой	0082ca59-5e91-4718-8897-91745df6f441		/data/generated_images/90af74ac-23ee-4e8e-892b-2ba7f136f04e/output.png	/data/generated_images/90af74ac-23ee-4e8e-892b-2ba7f136f04e/output.png
c28c0bd4-8c50-4c41-831d-6c46c93686c1	2026-02-08 13:21:59.218061+00	SUCCEEDED	Школьная любовь	675d1b07-4f8d-4fb5-89c5-9479231bf2cd		/data/generated_images/c28c0bd4-8c50-4c41-831d-6c46c93686c1/output.png	/data/generated_images/c28c0bd4-8c50-4c41-831d-6c46c93686c1/output.png
3d4d5f9b-e204-44dc-9c5a-4a5663e819f2	2026-02-08 13:24:36.089553+00	SUCCEEDED	Ночной кадр в машине	515fa1a4-a942-4b2d-8631-ed3898456992		/data/generated_images/3d4d5f9b-e204-44dc-9c5a-4a5663e819f2/output.png	/data/generated_images/3d4d5f9b-e204-44dc-9c5a-4a5663e819f2/output.png
656d39c4-6db8-4545-9851-c2ac21df36b7	2026-02-08 13:31:35.523237+00	SUCCEEDED	Портрет на экране камеры	869b5800-0a5c-4175-85f4-c31a3745a5a8		/data/generated_images/656d39c4-6db8-4545-9851-c2ac21df36b7/output.png	/data/generated_images/656d39c4-6db8-4545-9851-c2ac21df36b7/output.png
54850bf1-4375-4592-bfd4-c81b8c2554de	2026-02-08 13:34:31.822508+00	SUCCEEDED	💡 Своя идея (custom)	custom		/data/generated_images/54850bf1-4375-4592-bfd4-c81b8c2554de/output.png	/data/generated_images/54850bf1-4375-4592-bfd4-c81b8c2554de/output.png
cbbaf0e4-b7b1-4e0f-9fd1-fd5662453560	2026-02-08 14:31:24.639791+00	SUCCEEDED	ГТА Вайб 🎮	77cc3658-1aa2-4d50-9af8-b6f775722b42		/data/generated_images/cbbaf0e4-b7b1-4e0f-9fd1-fd5662453560/output.png	/data/generated_images/cbbaf0e4-b7b1-4e0f-9fd1-fd5662453560/output.png
7c59d8d4-8875-428b-afeb-592c87f28d95	2026-02-08 14:32:14.079549+00	SUCCEEDED	Уютное утро в спальне	1ffa9ef4-4bbf-4273-93d0-493330207e75		/data/generated_images/7c59d8d4-8875-428b-afeb-592c87f28d95/output.png	/data/generated_images/7c59d8d4-8875-428b-afeb-592c87f28d95/output.png
f0cdc2f8-7748-46d4-a373-02de9fbbf7e9	2026-02-08 16:31:37.449688+00	SUCCEEDED	Низкий ракурс среди небоскребов	f4582e73-9f2d-412f-bbb2-0b0dbeb5cbdc		/data/generated_images/f0cdc2f8-7748-46d4-a373-02de9fbbf7e9/output.png	/data/generated_images/f0cdc2f8-7748-46d4-a373-02de9fbbf7e9/output.png
c53a794d-9f72-4f89-9fd1-b314d81d8c6c	2026-02-08 16:41:56.92588+00	FAILED	💡 Своя идея (custom)	custom	/data/generated_images/inputs/BQACAgEAAxkBAAPTaYi8xgqmufORdCWPQyu5QDcrA20AAiAIAAKyqUhEIATo4-euJw06BA.jpg		
240bac81-de66-47b4-846d-caadb8663ecc	2026-02-12 16:10:04.417015+00	FAILED	Амур на розовом атласе	97d5ba4e-2072-4aa9-bb42-54f3b2d25a38	/data/generated_images/inputs/AgACAgIAAxkBAAIBSGmN-1U3QsSr5XJxp_EGUKZ9Q3E5AAIVGWsbrSJwSCOCAAFaFdDZtgEAAwIAA3gAAzoE.jpg		
3ee19c49-c4d1-4e9a-a13e-5ec75d7b09db	2026-02-12 16:14:31.777332+00	FAILED	ГТА Вайб 🎮	77cc3658-1aa2-4d50-9af8-b6f775722b42	/data/generated_images/inputs/BQACAgIAAxkBAAIBWWmN_GA-t0JvS_VnHNHsRKdI7yPBAALpkgACrSJwSJCfopwivS76OgQ.jpg		
adbaa030-44e8-42e1-afcf-b0cee6031d66	2026-02-12 16:15:26.958811+00	FAILED	ГТА Вайб 🎮	77cc3658-1aa2-4d50-9af8-b6f775722b42	/data/generated_images/inputs/BQACAgIAAxkBAAIBYGmN_JprO3Z1tBkoqn4_ila7wxSTAALvkgACrSJwSBeglI9AyHMPOgQ.jpg		
999e78aa-39b0-4afb-9f08-6660fea043e0	2026-02-12 16:29:01.097613+00	FAILED	Ночной кадр в машине	515fa1a4-a942-4b2d-8631-ed3898456992	/data/generated_images/inputs/BQACAgIAAxkBAAIBZ2mN_8ZTSpU0K6_lM-mzjtTt3DGhAAIRkwACrSJwSG5eFn_UIviTOgQ.jpg		
f2797e1e-2c73-422e-92b0-376064989496	2026-02-12 16:29:45.901415+00	FAILED	Ночной кадр в машине	515fa1a4-a942-4b2d-8631-ed3898456992	/data/generated_images/inputs/regen_999e78aa-39b0-4afb-9f08-6660fea043e0_0_BQACAgIAAxkBAAIB.jpg		
23630ac3-27dd-4b37-b637-630ebcbd645c	2026-02-12 16:30:07.343546+00	FAILED	Дерзкий кадр на капоте	a6449f4e-aa62-46de-a909-3f7ef88c7501	/data/generated_images/inputs/retry_trend_f2797e1e-2c73-422e-92b0-376064989496_BQACAgIAAxkBAAIB.jpg		
fa8e41fe-2c21-4a75-9989-c085f5fcfea8	2026-02-12 16:30:43.752696+00	FAILED	Дерзкий кадр на капоте	a6449f4e-aa62-46de-a909-3f7ef88c7501	/data/generated_images/inputs/regen_23630ac3-27dd-4b37-b637-630ebcbd645c_0_BQACAgIAAxkBAAIB.jpg		
cbe45cc9-762c-4d4d-8fe6-c799a23294a9	2026-02-12 16:31:09.575861+00	FAILED	Дерзкий кадр на капоте	a6449f4e-aa62-46de-a909-3f7ef88c7501	/data/generated_images/inputs/regen_fa8e41fe-2c21-4a75-9989-c085f5fcfea8_0_BQACAgIAAxkBAAIB.jpg		
19169120-2239-4648-81a9-300b6cee357d	2026-02-12 16:36:02.322096+00	FAILED	Амур на розовом атласе	97d5ba4e-2072-4aa9-bb42-54f3b2d25a38	/data/generated_images/inputs/AgACAgIAAxkBAAIBSGmN-1U3QsSr5XJxp_EGUKZ9Q3E5AAIVGWsbrSJwSCOCAAFaFdDZtgEAAwIAA3gAAzoE.jpg		
e282c300-5736-4371-af50-ba4239531a01	2026-02-12 16:39:54.581134+00	FAILED	ГТА Вайб 🎮	77cc3658-1aa2-4d50-9af8-b6f775722b42	/data/generated_images/inputs/retry_trend_19169120-2239-4648-81a9-300b6cee357d_AgACAgIAAxkBAAIB.jpg		
415eac79-edac-4281-bd2d-dbf828aaa5af	2026-02-12 16:40:43.368517+00	FAILED	ГТА Вайб 🎮	77cc3658-1aa2-4d50-9af8-b6f775722b42	/data/generated_images/inputs/regen_e282c300-5736-4371-af50-ba4239531a01_0_AgACAgIAAxkBAAIB.jpg		
c74cb8c5-8645-45a6-aa06-22393d012053	2026-02-12 16:45:14.175374+00	FAILED	ГТА Вайб 🎮	77cc3658-1aa2-4d50-9af8-b6f775722b42	/data/generated_images/inputs/retry_trend_e282c300-5736-4371-af50-ba4239531a01_AgACAgIAAxkBAAIB.jpg		
8d2afadc-e95b-4789-8042-5e416822a48a	2026-02-12 16:47:56.17531+00	SUCCEEDED	ГТА Вайб 🎮	77cc3658-1aa2-4d50-9af8-b6f775722b42		/data/generated_images/8d2afadc-e95b-4789-8042-5e416822a48a/output.png	/data/generated_images/8d2afadc-e95b-4789-8042-5e416822a48a/output.png
d6df1775-5feb-48cd-8c96-ed639f7b3556	2026-02-12 16:54:12.908228+00	FAILED	ГТА Вайб 🎮	77cc3658-1aa2-4d50-9af8-b6f775722b42	/data/generated_images/inputs/BQACAgIAAxkBAAIBkmmOBbB3qKkTz5ahVdblvqnN1iVTAAJzkwACrSJwSCB7KDyi1ugvOgQ.jpg		
ceaf4b55-ec30-4615-b8d2-a46435ef9169	2026-02-12 16:54:39.001147+00	FAILED	ГТА Вайб 🎮	77cc3658-1aa2-4d50-9af8-b6f775722b42	/data/generated_images/inputs/BQACAgIAAxkBAAIBmGmOBcrWTYvCeh2LOspiCNYgxlRSAAJ0kwACrSJwSNETLpVzcrF5OgQ.png		
051a0a2f-2cf8-4021-ac53-cf7c12c359fb	2026-02-12 16:56:08.1011+00	SUCCEEDED	ГТА Вайб 🎮	77cc3658-1aa2-4d50-9af8-b6f775722b42		/data/generated_images/051a0a2f-2cf8-4021-ac53-cf7c12c359fb/output.png	/data/generated_images/051a0a2f-2cf8-4021-ac53-cf7c12c359fb/output.png
c3a5ac92-7e4e-41e6-bac8-f5c4d5ac9143	2026-02-12 16:56:38.378934+00	FAILED	ГТА Вайб 🎮	77cc3658-1aa2-4d50-9af8-b6f775722b42	/data/generated_images/inputs/BQACAgIAAxkBAAIBommOBkFQGAjJncZl9WzqAvIeAsG-AAJ8kwACrSJwSHmJcztYfGA2OgQ.jpg		
5ec24e48-3a5f-4229-950d-ae01aad954e5	2026-02-13 16:02:44.649396+00	SUCCEEDED	День самовлюблённых - дерзкий love-кадр	804727d9-4008-40c7-a53a-78e5072a3560		/data/generated_images/5ec24e48-3a5f-4229-950d-ae01aad954e5/output.png	/data/generated_images/5ec24e48-3a5f-4229-950d-ae01aad954e5/output.png
785f7560-0040-4a96-b3b3-2a839f05360e	2026-02-13 16:04:17.462339+00	SUCCEEDED	День самовлюблённых - дерзкий love-кадр	804727d9-4008-40c7-a53a-78e5072a3560		/data/generated_images/785f7560-0040-4a96-b3b3-2a839f05360e/output.png	/data/generated_images/785f7560-0040-4a96-b3b3-2a839f05360e/output.png
1e281afe-e628-4935-b14b-869f5443c36b	2026-02-13 16:04:54.392935+00	SUCCEEDED	День самовлюблённых - дерзкий love-кадр	804727d9-4008-40c7-a53a-78e5072a3560		/data/generated_images/1e281afe-e628-4935-b14b-869f5443c36b/output.png	/data/generated_images/1e281afe-e628-4935-b14b-869f5443c36b/output.png
371735bd-8a48-4e3c-a96b-9eff88992f53	2026-02-13 16:06:12.430038+00	FAILED	Валентинка с поцелуем - игривая love-открытка	d94d98ee-61a1-4fe7-81af-fdd07d76b8ea	/data/generated_images/inputs/AgACAgIAAxkBAAICgGmPS2kQl12yvT8w1OOJ7RvyxnZKAAI2F2sb5eB5SEhBRE_aBuU4AQADAgADeQADOgQ.jpg		
b7324730-0eda-4656-8067-de41e5cc9777	2026-02-13 16:11:27.305262+00	SUCCEEDED	Красное платье и шары-поцелуи - гламурный love-кадр	7c96ba16-00d7-4df5-a647-8a4dd676c234		/data/generated_images/b7324730-0eda-4656-8067-de41e5cc9777/output.png	/data/generated_images/b7324730-0eda-4656-8067-de41e5cc9777/output.png
adac0a6f-9720-47ba-aa82-523d47233aa4	2026-02-13 16:12:17.537247+00	SUCCEEDED	Красное платье и шары-поцелуи - гламурный love-кадр	7c96ba16-00d7-4df5-a647-8a4dd676c234		/data/generated_images/adac0a6f-9720-47ba-aa82-523d47233aa4/output.png	/data/generated_images/adac0a6f-9720-47ba-aa82-523d47233aa4/output.png
83d0ee5c-f2fe-4fbf-a100-b1fc7330ae2f	2026-02-13 16:13:18.318072+00	SUCCEEDED	Красное платье и шары-поцелуи - гламурный love-кадр	7c96ba16-00d7-4df5-a647-8a4dd676c234		/data/generated_images/83d0ee5c-f2fe-4fbf-a100-b1fc7330ae2f/output.png	/data/generated_images/83d0ee5c-f2fe-4fbf-a100-b1fc7330ae2f/output.png
f58c6fc4-a8fb-4adc-919c-fa4ea704cb51	2026-02-13 16:15:22.937691+00	SUCCEEDED	С букетом 101 розы	c8c96d15-ca9e-49df-8e16-c501be301125		/data/generated_images/f58c6fc4-a8fb-4adc-919c-fa4ea704cb51/output.png	/data/generated_images/f58c6fc4-a8fb-4adc-919c-fa4ea704cb51/output.png
cbf7300d-0841-4925-8315-32755a65d66e	2026-02-13 16:15:38.352176+00	SUCCEEDED	С букетом 101 розы	c8c96d15-ca9e-49df-8e16-c501be301125		/data/generated_images/cbf7300d-0841-4925-8315-32755a65d66e/output.png	/data/generated_images/cbf7300d-0841-4925-8315-32755a65d66e/output.png
d719ecc6-66a8-4194-929b-4fbe51ef0bc8	2026-02-13 16:25:24.023647+00	FAILED	💡 Своя идея (custom)	custom	/data/generated_images/inputs/ref_AgACAgIAAxkBAAIC22mPUBxYVWKbwRCBm820Wfk-ney-AAIdF2sb0DJ4SFfhBbsyu_orAQADAgADeQADOgQ.jpg		
c05c6a9f-6713-4996-8578-59c3b6ac9bdd	2026-02-13 16:34:13.657656+00	SUCCEEDED	С букетом 101 розы	c8c96d15-ca9e-49df-8e16-c501be301125		/data/generated_images/c05c6a9f-6713-4996-8578-59c3b6ac9bdd/output.png	/data/generated_images/c05c6a9f-6713-4996-8578-59c3b6ac9bdd/output.png
37304394-ff59-4f72-abf5-bceab054c40a	2026-02-13 16:35:23.023071+00	SUCCEEDED	Купидон и цель	e790d70c-a8bb-4d8f-b213-01019378e970		/data/generated_images/37304394-ff59-4f72-abf5-bceab054c40a/output.png	/data/generated_images/37304394-ff59-4f72-abf5-bceab054c40a/output.png
d1613a70-f2e0-47e7-95f4-5e38cbfc7bd5	2026-02-13 16:36:16.906566+00	SUCCEEDED	Купидон и цель	e790d70c-a8bb-4d8f-b213-01019378e970		/data/generated_images/d1613a70-f2e0-47e7-95f4-5e38cbfc7bd5/output.png	/data/generated_images/d1613a70-f2e0-47e7-95f4-5e38cbfc7bd5/output.png
616945b6-de69-4a3e-90b1-17aabe56065d	2026-02-13 16:37:12.731217+00	SUCCEEDED	День самовлюблённых - дерзкий love-кадр	804727d9-4008-40c7-a53a-78e5072a3560		/data/generated_images/616945b6-de69-4a3e-90b1-17aabe56065d/output.png	/data/generated_images/616945b6-de69-4a3e-90b1-17aabe56065d/output.png
3fd78be8-96d7-4658-9746-35f472c9df64	2026-02-13 16:40:10.893136+00	FAILED	Валентинка с поцелуем - игривая love-открытка	d94d98ee-61a1-4fe7-81af-fdd07d76b8ea	/data/generated_images/inputs/AgACAgIAAxkBAAIDFWmPU89pzmVQXINi0ew55-p2Kx5ZAAIGFGsb86mBSAo8Lrvd5PE4AQADAgADeQADOgQ.jpg		
3c5583a7-1902-4294-8cde-da7937564e92	2026-02-13 16:40:32.770298+00	SUCCEEDED	Валентинка с поцелуем - игривая love-открытка	d94d98ee-61a1-4fe7-81af-fdd07d76b8ea		/data/generated_images/3c5583a7-1902-4294-8cde-da7937564e92/output.png	/data/generated_images/3c5583a7-1902-4294-8cde-da7937564e92/output.png
53bf4e64-b91f-41ff-90bb-cad3d8cb78d9	2026-02-13 16:41:00.845153+00	FAILED	Валентинка с поцелуем - игривая love-открытка	d94d98ee-61a1-4fe7-81af-fdd07d76b8ea	/data/generated_images/inputs/regen_3c5583a7-1902-4294-8cde-da7937564e92_0_AgACAgIAAxkBAAID.jpg		
ab45beb6-c765-4761-b247-77facad8b9b1	2026-02-13 16:52:01.577167+00	SUCCEEDED	С букетом 101 розы	c8c96d15-ca9e-49df-8e16-c501be301125		/data/generated_images/ab45beb6-c765-4761-b247-77facad8b9b1/output.png	/data/generated_images/ab45beb6-c765-4761-b247-77facad8b9b1/output.png
36c3fe7c-142b-41ff-a023-6379daa1c687	2026-02-13 16:52:30.968584+00	SUCCEEDED	Сладкое сердце	c9405e86-82bc-46bb-a9ec-a78623d1d193		/data/generated_images/36c3fe7c-142b-41ff-a023-6379daa1c687/output.png	/data/generated_images/36c3fe7c-142b-41ff-a023-6379daa1c687/output.png
87e4cf03-54db-4972-b352-a0983eca39ba	2026-02-13 16:53:14.130433+00	FAILED	Сладкое сердце	c9405e86-82bc-46bb-a9ec-a78623d1d193	/data/generated_images/inputs/regen_36c3fe7c-142b-41ff-a023-6379daa1c687_0_AgACAgIAAxkBAAIC.jpg		
7d1504ad-76c0-46b5-808c-f76d9ecd77ab	2026-02-13 16:53:18.133478+00	SUCCEEDED	С букетом 101 розы	c8c96d15-ca9e-49df-8e16-c501be301125		/data/generated_images/7d1504ad-76c0-46b5-808c-f76d9ecd77ab/output.png	/data/generated_images/7d1504ad-76c0-46b5-808c-f76d9ecd77ab/output.png
2fe00cf7-be24-4c7d-b948-ae53b385b055	2026-02-13 17:02:21.809844+00	SUCCEEDED	Среди красных сердец	4601a4b3-023b-4d82-b8c3-bcfb08062eb8		/data/generated_images/2fe00cf7-be24-4c7d-b948-ae53b385b055/output.png	/data/generated_images/2fe00cf7-be24-4c7d-b948-ae53b385b055/output.png
71f2fd04-8009-41fb-a77a-cd041eb4897d	2026-02-13 17:10:15.187366+00	SUCCEEDED	Красное платье и сердце-свет - страстный портрет	a0eeb1ab-ce0d-4495-acce-c4c582cdd026		/data/generated_images/71f2fd04-8009-41fb-a77a-cd041eb4897d/output.png	/data/generated_images/71f2fd04-8009-41fb-a77a-cd041eb4897d/output.png
058f9186-71bf-47ad-8094-179f22f1272d	2026-02-13 17:11:36.059431+00	SUCCEEDED	Красное платье и сердце-свет - страстный портрет	a0eeb1ab-ce0d-4495-acce-c4c582cdd026		/data/generated_images/058f9186-71bf-47ad-8094-179f22f1272d/output.png	/data/generated_images/058f9186-71bf-47ad-8094-179f22f1272d/output.png
6abe9686-ce3f-4b75-b138-a415060c8d0c	2026-02-13 17:13:43.46625+00	SUCCEEDED	С букетом 101 розы	c8c96d15-ca9e-49df-8e16-c501be301125		/data/generated_images/6abe9686-ce3f-4b75-b138-a415060c8d0c/output.png	/data/generated_images/6abe9686-ce3f-4b75-b138-a415060c8d0c/output.png
30dbe1df-7c1c-4e03-846f-8520d98d62d5	2026-02-13 17:22:14.776128+00	SUCCEEDED	Валентинка с поцелуем - игривая love-открытка	d94d98ee-61a1-4fe7-81af-fdd07d76b8ea		/data/generated_images/30dbe1df-7c1c-4e03-846f-8520d98d62d5/output.png	/data/generated_images/30dbe1df-7c1c-4e03-846f-8520d98d62d5/output.png
3c9a9663-1dd9-4dbd-80ee-7b81022210eb	2026-02-13 17:27:29.064653+00	FAILED	Валентинка с поцелуем - игривая love-открытка	d94d98ee-61a1-4fe7-81af-fdd07d76b8ea	/data/generated_images/inputs/AgACAgIAAxkBAAIDlmmPXvbRizPtvZVQ3bfPf38_adpRAAKVF2sb4zV5SKBgtfV9BGn4AQADAgADeQADOgQ.jpg		
851713fb-bd48-4953-baab-4947d12bdae2	2026-02-13 18:03:10.414568+00	SUCCEEDED	Среди красных медведей	906bd09e-fddf-4d61-82ed-1ec233cad015		/data/generated_images/851713fb-bd48-4953-baab-4947d12bdae2/output.png	/data/generated_images/851713fb-bd48-4953-baab-4947d12bdae2/output.png
2dce2b4f-0c04-48a1-a282-3d6705bebaac	2026-02-13 18:04:19.443518+00	SUCCEEDED	С букетом 101 розы	c8c96d15-ca9e-49df-8e16-c501be301125		/data/generated_images/2dce2b4f-0c04-48a1-a282-3d6705bebaac/output.png	/data/generated_images/2dce2b4f-0c04-48a1-a282-3d6705bebaac/output.png
c773fc04-d660-4c0c-a686-8e2ada6a1538	2026-02-13 18:06:21.178688+00	SUCCEEDED	Красное платье и шары-поцелуи - гламурный love-кадр	7c96ba16-00d7-4df5-a647-8a4dd676c234		/data/generated_images/c773fc04-d660-4c0c-a686-8e2ada6a1538/output.png	/data/generated_images/c773fc04-d660-4c0c-a686-8e2ada6a1538/output.png
dfb720c3-582c-4d90-84ea-9ba5afe67bd8	2026-02-13 18:07:24.500691+00	SUCCEEDED	Красное платье и шары-поцелуи - гламурный love-кадр	7c96ba16-00d7-4df5-a647-8a4dd676c234		/data/generated_images/dfb720c3-582c-4d90-84ea-9ba5afe67bd8/output.png	/data/generated_images/dfb720c3-582c-4d90-84ea-9ba5afe67bd8/output.png
76983775-5873-481d-a46a-67a7f737ca33	2026-02-13 18:13:45.391074+00	SUCCEEDED	В ванне с сердцами	671f1d0e-5492-4f2d-bf7f-9cf5ec394149		/data/generated_images/76983775-5873-481d-a46a-67a7f737ca33/output.png	
aab9e411-efff-47fe-ad09-a4a6bc109bff	2026-02-13 18:14:27.911158+00	SUCCEEDED	В ванне с сердцами	671f1d0e-5492-4f2d-bf7f-9cf5ec394149		/data/generated_images/aab9e411-efff-47fe-ad09-a4a6bc109bff/output.png	
b1b09d53-5503-46b6-a7ed-ca52d94a2bf1	2026-02-13 18:24:07.867741+00	FAILED	Валентинка с поцелуем - игривая love-открытка	d94d98ee-61a1-4fe7-81af-fdd07d76b8ea	/data/generated_images/inputs/AgACAgIAAxkBAAIEC2mPbDf-CIQC3RQHGB0hXWOUw1bTAAIWATIbWs1ASILE7byYeKzBAQADAgADeQADOgQ.jpg		
088385d8-a5e4-4e77-be19-8fc9880ac109	2026-02-13 18:24:49.948342+00	FAILED	Валентинка с поцелуем - игривая love-открытка	d94d98ee-61a1-4fe7-81af-fdd07d76b8ea	/data/generated_images/inputs/regen_b1b09d53-5503-46b6-a7ed-ca52d94a2bf1_0_AgACAgIAAxkBAAIE.jpg		
a9d58c3a-4f89-454b-be55-6b5a9a1227c5	2026-02-13 18:27:50.877297+00	SUCCEEDED	С букетом 101 розы	c8c96d15-ca9e-49df-8e16-c501be301125		/data/generated_images/a9d58c3a-4f89-454b-be55-6b5a9a1227c5/output.png	/data/generated_images/a9d58c3a-4f89-454b-be55-6b5a9a1227c5/output.png
756c7400-dd38-4ed9-b64d-d2baf8bfddc7	2026-02-13 18:29:02.901266+00	SUCCEEDED	С букетом 101 розы	c8c96d15-ca9e-49df-8e16-c501be301125		/data/generated_images/756c7400-dd38-4ed9-b64d-d2baf8bfddc7/output.png	/data/generated_images/756c7400-dd38-4ed9-b64d-d2baf8bfddc7/output.png
ae505f16-e947-488e-9efc-6ef8162e61e2	2026-02-13 18:29:36.466747+00	SUCCEEDED	Силуэт в сердце - вечерний гламур	d0d64149-91d0-49f8-b2af-656a701d82a7		/data/generated_images/ae505f16-e947-488e-9efc-6ef8162e61e2/output.png	/data/generated_images/ae505f16-e947-488e-9efc-6ef8162e61e2/output.png
806ca8ba-7347-4beb-bba7-278e6745d0be	2026-02-13 18:30:41.3601+00	SUCCEEDED	Силуэт в сердце - вечерний гламур	d0d64149-91d0-49f8-b2af-656a701d82a7		/data/generated_images/806ca8ba-7347-4beb-bba7-278e6745d0be/output.png	/data/generated_images/806ca8ba-7347-4beb-bba7-278e6745d0be/output.png
cce7d839-ba17-4909-a740-f36916e66805	2026-02-13 18:31:10.95248+00	SUCCEEDED	Силуэт в сердце - вечерний гламур	d0d64149-91d0-49f8-b2af-656a701d82a7		/data/generated_images/cce7d839-ba17-4909-a740-f36916e66805/output.png	/data/generated_images/cce7d839-ba17-4909-a740-f36916e66805/output.png
5e7c975b-be35-4a41-80b5-26ba542af68b	2026-02-13 18:32:09.350785+00	SUCCEEDED	У зеркала	7a012b0c-dc68-4a73-b290-6afa87dd5145		/data/generated_images/5e7c975b-be35-4a41-80b5-26ba542af68b/output.png	/data/generated_images/5e7c975b-be35-4a41-80b5-26ba542af68b/output.png
b4053c81-4a18-46b5-a78b-50bdaca0a519	2026-02-13 18:56:31.258119+00	SUCCEEDED	С букетом 101 розы	c8c96d15-ca9e-49df-8e16-c501be301125		/data/generated_images/b4053c81-4a18-46b5-a78b-50bdaca0a519/output.png	/data/generated_images/b4053c81-4a18-46b5-a78b-50bdaca0a519/output.png
16a1acae-8d74-4135-96e1-e6d34e3d632b	2026-02-13 18:59:18.554627+00	SUCCEEDED	У зеркала	7a012b0c-dc68-4a73-b290-6afa87dd5145		/data/generated_images/16a1acae-8d74-4135-96e1-e6d34e3d632b/output.png	/data/generated_images/16a1acae-8d74-4135-96e1-e6d34e3d632b/output.png
f1c03472-fa32-4f60-81b8-d5df0b7af1e4	2026-02-13 19:24:27.368094+00	SUCCEEDED	💡 Своя идея (custom)	custom		/data/generated_images/f1c03472-fa32-4f60-81b8-d5df0b7af1e4/output.png	/data/generated_images/f1c03472-fa32-4f60-81b8-d5df0b7af1e4/output.png
f58a9202-1d74-459f-8f22-91676adc2603	2026-02-13 19:27:40.783515+00	SUCCEEDED	Среди красных сердец	4601a4b3-023b-4d82-b8c3-bcfb08062eb8		/data/generated_images/f58a9202-1d74-459f-8f22-91676adc2603/output.png	/data/generated_images/f58a9202-1d74-459f-8f22-91676adc2603/output.png
8f7a4c3f-d10c-49be-807b-a83834c3357e	2026-02-13 19:29:33.584102+00	SUCCEEDED	Поцелуй плюшевому медведю	52486025-1e6d-48d0-b5e9-b9b892f05879		/data/generated_images/8f7a4c3f-d10c-49be-807b-a83834c3357e/output.png	/data/generated_images/8f7a4c3f-d10c-49be-807b-a83834c3357e/output.png
5fdb5501-afd5-4d4c-a6ea-c2483fb05cce	2026-02-13 19:29:46.977301+00	SUCCEEDED	Поцелуй плюшевому медведю	52486025-1e6d-48d0-b5e9-b9b892f05879		/data/generated_images/5fdb5501-afd5-4d4c-a6ea-c2483fb05cce/output.png	/data/generated_images/5fdb5501-afd5-4d4c-a6ea-c2483fb05cce/output.png
bb5d4193-e5be-46ce-b895-6418cf6b0ef7	2026-02-13 19:30:01.942741+00	SUCCEEDED	Поцелуй плюшевому медведю	52486025-1e6d-48d0-b5e9-b9b892f05879		/data/generated_images/bb5d4193-e5be-46ce-b895-6418cf6b0ef7/output.png	/data/generated_images/bb5d4193-e5be-46ce-b895-6418cf6b0ef7/output.png
80a89577-f835-4e30-807b-a62d18b962d3	2026-02-13 20:42:20.605616+00	FAILED	Любовь к себе - алые сердца	2757569e-e1d0-4c6d-93cc-a25e67f30ecd	/data/generated_images/inputs/AgACAgIAAxkBAAIEpGmPjI-9BJIDn1uPZoMY7RYXptxCAAKSE2sbdTiBSCchyzGWL_8BAQADAgADeQADOgQ.jpg		
f023fa8a-6e30-40e0-9062-c3fda1067052	2026-02-13 20:44:38.723171+00	SUCCEEDED	Среди красных сердец	4601a4b3-023b-4d82-b8c3-bcfb08062eb8		/data/generated_images/f023fa8a-6e30-40e0-9062-c3fda1067052/output.png	/data/generated_images/f023fa8a-6e30-40e0-9062-c3fda1067052/output.png
7cdc0d32-a7a6-4157-a6de-018831abf47a	2026-02-13 20:45:41.49024+00	SUCCEEDED	Среди красных сердец	4601a4b3-023b-4d82-b8c3-bcfb08062eb8		/data/generated_images/7cdc0d32-a7a6-4157-a6de-018831abf47a/output.png	/data/generated_images/7cdc0d32-a7a6-4157-a6de-018831abf47a/output.png
32e9385c-3d3d-432a-94ac-ee7e0d94789e	2026-02-13 21:54:23.134071+00	SUCCEEDED	Среди красных медведей	906bd09e-fddf-4d61-82ed-1ec233cad015		/data/generated_images/32e9385c-3d3d-432a-94ac-ee7e0d94789e/output.png	/data/generated_images/32e9385c-3d3d-432a-94ac-ee7e0d94789e/output.png
cea83972-5f66-45e1-8aab-d349092095ea	2026-02-13 21:55:42.784493+00	SUCCEEDED	Среди красных медведей	906bd09e-fddf-4d61-82ed-1ec233cad015		/data/generated_images/cea83972-5f66-45e1-8aab-d349092095ea/output.png	/data/generated_images/cea83972-5f66-45e1-8aab-d349092095ea/output.png
8816cb59-45fd-4a6d-ac9d-42a7e67aa474	2026-02-13 21:57:43.359956+00	SUCCEEDED	Среди красных медведей	906bd09e-fddf-4d61-82ed-1ec233cad015		/data/generated_images/8816cb59-45fd-4a6d-ac9d-42a7e67aa474/output.png	/data/generated_images/8816cb59-45fd-4a6d-ac9d-42a7e67aa474/output.png
689afd80-d352-4fa2-99d3-781923ef147c	2026-02-13 22:30:04.655849+00	SUCCEEDED	Сладкое сердце	c9405e86-82bc-46bb-a9ec-a78623d1d193		/data/generated_images/689afd80-d352-4fa2-99d3-781923ef147c/output.png	/data/generated_images/689afd80-d352-4fa2-99d3-781923ef147c/output.png
e13019da-c3e6-4c2a-99fa-e0ca07698ca5	2026-02-13 23:03:13.264969+00	SUCCEEDED	У зеркала	7a012b0c-dc68-4a73-b290-6afa87dd5145		/data/generated_images/e13019da-c3e6-4c2a-99fa-e0ca07698ca5/output.png	/data/generated_images/e13019da-c3e6-4c2a-99fa-e0ca07698ca5/output.png
a7dbdfbe-0a94-463a-858d-54a1d9937329	2026-02-14 01:31:24.387107+00	SUCCEEDED	С букетом 101 розы	c8c96d15-ca9e-49df-8e16-c501be301125		/data/generated_images/a7dbdfbe-0a94-463a-858d-54a1d9937329/output.png	/data/generated_images/a7dbdfbe-0a94-463a-858d-54a1d9937329/output.png
bd904edb-c3c5-4e17-b33f-20fe6d3b1a19	2026-02-14 01:32:10.033678+00	SUCCEEDED	С букетом 101 розы	c8c96d15-ca9e-49df-8e16-c501be301125		/data/generated_images/bd904edb-c3c5-4e17-b33f-20fe6d3b1a19/output.png	/data/generated_images/bd904edb-c3c5-4e17-b33f-20fe6d3b1a19/output.png
75d7956d-2d30-4895-af5a-a167931b5c62	2026-02-14 01:37:27.834792+00	SUCCEEDED	Розовое сердце и цветы - нежный fashion-кадр	d74d26cb-7904-45bb-912e-14da592eb188		/data/generated_images/75d7956d-2d30-4895-af5a-a167931b5c62/output.png	/data/generated_images/75d7956d-2d30-4895-af5a-a167931b5c62/output.png
12b74b94-0a84-4542-a516-7f48a2b91017	2026-02-14 01:44:42.504833+00	SUCCEEDED	С букетом 101 розы	c8c96d15-ca9e-49df-8e16-c501be301125		/data/generated_images/12b74b94-0a84-4542-a516-7f48a2b91017/output.png	/data/generated_images/12b74b94-0a84-4542-a516-7f48a2b91017/output.png
0fbff903-b1dc-4a66-bcb7-5aa1a45a083d	2026-02-14 01:44:59.398452+00	SUCCEEDED	С букетом 101 розы	c8c96d15-ca9e-49df-8e16-c501be301125		/data/generated_images/0fbff903-b1dc-4a66-bcb7-5aa1a45a083d/output.png	/data/generated_images/0fbff903-b1dc-4a66-bcb7-5aa1a45a083d/output.png
16be1015-4464-4802-98fb-59781b4ae45f	2026-02-14 01:45:22.550196+00	SUCCEEDED	С букетом 101 розы	c8c96d15-ca9e-49df-8e16-c501be301125		/data/generated_images/16be1015-4464-4802-98fb-59781b4ae45f/output.png	/data/generated_images/16be1015-4464-4802-98fb-59781b4ae45f/output.png
f15f7836-dc3f-46a1-85a9-97e2b8f06a7f	2026-02-14 02:58:26.774118+00	FAILED	Валентинка с поцелуем - игривая love-открытка	d94d98ee-61a1-4fe7-81af-fdd07d76b8ea	/data/generated_images/inputs/AgACAgIAAxkBAAIFYWmP5MtQOHB40MxPaQrT0ktTehnVAAJLEGsbJlCASG7YmzH1u7a6AQADAgADeQADOgQ.jpg		
62e8023f-f4a7-42eb-8e8d-31276ccb86f4	2026-02-14 03:11:06.060036+00	SUCCEEDED	Красное платье и шары-поцелуи - гламурный love-кадр	7c96ba16-00d7-4df5-a647-8a4dd676c234		/data/generated_images/62e8023f-f4a7-42eb-8e8d-31276ccb86f4/output.png	/data/generated_images/62e8023f-f4a7-42eb-8e8d-31276ccb86f4/output.png
47cd8743-4f3a-4278-84ce-ecfae73c6be1	2026-02-14 03:11:37.59495+00	SUCCEEDED	Красное платье и шары-поцелуи - гламурный love-кадр	7c96ba16-00d7-4df5-a647-8a4dd676c234		/data/generated_images/47cd8743-4f3a-4278-84ce-ecfae73c6be1/output.png	/data/generated_images/47cd8743-4f3a-4278-84ce-ecfae73c6be1/output.png
1f8bca6a-d3d8-4801-9092-448661b4c3d6	2026-02-14 03:15:00.806296+00	SUCCEEDED	Красная стена и дерзкая тень - гламур с характером	954cc354-05ea-464b-808d-c51b3003cf70		/data/generated_images/1f8bca6a-d3d8-4801-9092-448661b4c3d6/output.png	/data/generated_images/1f8bca6a-d3d8-4801-9092-448661b4c3d6/output.png
f501bda3-be48-4921-987a-d21ffda6ec9c	2026-02-14 03:30:16.060253+00	SUCCEEDED	В ванне с сердцами	671f1d0e-5492-4f2d-bf7f-9cf5ec394149		/data/generated_images/f501bda3-be48-4921-987a-d21ffda6ec9c/output.png	/data/generated_images/f501bda3-be48-4921-987a-d21ffda6ec9c/output.png
978146ad-7a6c-4433-b4da-12434a999b6a	2026-02-14 03:30:51.047728+00	SUCCEEDED	В ванне с сердцами	671f1d0e-5492-4f2d-bf7f-9cf5ec394149		/data/generated_images/978146ad-7a6c-4433-b4da-12434a999b6a/output.png	/data/generated_images/978146ad-7a6c-4433-b4da-12434a999b6a/output.png
aeb78954-bbbd-4e1e-b01c-0bebd0775522	2026-02-14 03:31:23.567872+00	SUCCEEDED	В ванне с сердцами	671f1d0e-5492-4f2d-bf7f-9cf5ec394149		/data/generated_images/aeb78954-bbbd-4e1e-b01c-0bebd0775522/output.png	/data/generated_images/aeb78954-bbbd-4e1e-b01c-0bebd0775522/output.png
09bce758-9cfc-4f68-9881-9a7cbc996c10	2026-02-14 03:33:47.705156+00	SUCCEEDED	Розовое сердце и цветы - нежный fashion-кадр	d74d26cb-7904-45bb-912e-14da592eb188		/data/generated_images/09bce758-9cfc-4f68-9881-9a7cbc996c10/output.png	/data/generated_images/09bce758-9cfc-4f68-9881-9a7cbc996c10/output.png
b7c2ed3b-1bbe-46ca-865e-585de7b3a54f	2026-02-14 03:34:17.685165+00	SUCCEEDED	Розовое сердце и цветы - нежный fashion-кадр	d74d26cb-7904-45bb-912e-14da592eb188		/data/generated_images/b7c2ed3b-1bbe-46ca-865e-585de7b3a54f/output.png	/data/generated_images/b7c2ed3b-1bbe-46ca-865e-585de7b3a54f/output.png
720a12b0-9842-43af-817d-3402dae28a23	2026-02-14 03:34:33.118093+00	SUCCEEDED	Розовое сердце и цветы - нежный fashion-кадр	d74d26cb-7904-45bb-912e-14da592eb188		/data/generated_images/720a12b0-9842-43af-817d-3402dae28a23/output.png	/data/generated_images/720a12b0-9842-43af-817d-3402dae28a23/output.png
87b7b0da-7280-4cce-8a42-f42b99787179	2026-02-14 04:41:39.40443+00	SUCCEEDED	В автомате с сердцами - дерзкий love-кадр	ea1ba130-1726-45fa-8ee5-d0337ac08b38		/data/generated_images/87b7b0da-7280-4cce-8a42-f42b99787179/output.png	/data/generated_images/87b7b0da-7280-4cce-8a42-f42b99787179/output.png
d1c8648d-ca6a-4eb6-93fd-099849d21456	2026-02-14 04:43:04.579533+00	SUCCEEDED	В автомате с сердцами - дерзкий love-кадр	ea1ba130-1726-45fa-8ee5-d0337ac08b38		/data/generated_images/d1c8648d-ca6a-4eb6-93fd-099849d21456/output.png	/data/generated_images/d1c8648d-ca6a-4eb6-93fd-099849d21456/output.png
35e32f16-3bc2-46e7-b728-0a9f97e91d6a	2026-02-14 04:45:08.653884+00	SUCCEEDED	Сердца вокруг - нежный романтичный портрет	25c878df-c400-4c1f-aa13-7384c9aa65f3		/data/generated_images/35e32f16-3bc2-46e7-b728-0a9f97e91d6a/output.png	/data/generated_images/35e32f16-3bc2-46e7-b728-0a9f97e91d6a/output.png
fac17e03-e5e1-492b-b069-ce0fd4faa574	2026-02-14 05:30:07.734251+00	SUCCEEDED	Be mine - неоновое сердце за спино	1e45e4cf-759b-4042-bcc1-bc0862fa7b99		/data/generated_images/fac17e03-e5e1-492b-b069-ce0fd4faa574/output.png	
5d8841ba-67b0-47cd-8c1c-2d6629a0635e	2026-02-14 05:30:58.124546+00	SUCCEEDED	Be mine - неоновое сердце за спино	1e45e4cf-759b-4042-bcc1-bc0862fa7b99		/data/generated_images/5d8841ba-67b0-47cd-8c1c-2d6629a0635e/output.png	
e4d2b87c-b0d6-4899-af82-90a34a70c634	2026-02-14 05:33:29.479352+00	FAILED	XOXO и букет алых роз - гламурное селфи	8e759039-67cf-4760-a406-1a1ff25aefd9	/data/generated_images/inputs/AgACAgIAAxkBAAIGJmmQCPX8l_1dhOMwwiGpKMmODydiAALQEmsb7iKASIMc33qEyrwtAQADAgADeQADOgQ.jpg		
8212b5d8-3cea-40f2-8802-123b8bedbd9b	2026-02-14 05:34:03.345829+00	FAILED	В автомате с сердцами - дерзкий love-кадр	ea1ba130-1726-45fa-8ee5-d0337ac08b38	/data/generated_images/inputs/retry_trend_e4d2b87c-b0d6-4899-af82-90a34a70c634_AgACAgIAAxkBAAIG.jpg		
7ab1cf5e-e01e-4dca-9d5a-e6baca9995cd	2026-02-14 06:09:19.661156+00	SUCCEEDED	В автомате с сердцами - дерзкий love-кадр	ea1ba130-1726-45fa-8ee5-d0337ac08b38		/data/generated_images/7ab1cf5e-e01e-4dca-9d5a-e6baca9995cd/output.png	
bd5840b4-df17-47ff-ad9f-974a01c6e81f	2026-02-14 06:10:27.523257+00	SUCCEEDED	В автомате с сердцами - дерзкий love-кадр	ea1ba130-1726-45fa-8ee5-d0337ac08b38		/data/generated_images/bd5840b4-df17-47ff-ad9f-974a01c6e81f/output.png	
91add539-e605-43c7-babd-2e9b57a23d0a	2026-02-14 06:10:55.664272+00	SUCCEEDED	В автомате с сердцами - дерзкий love-кадр	ea1ba130-1726-45fa-8ee5-d0337ac08b38		/data/generated_images/91add539-e605-43c7-babd-2e9b57a23d0a/output.png	
0fae066d-4bd8-493a-9c2f-461c9a5ec974	2026-02-14 06:11:20.949084+00	SUCCEEDED	В автомате с сердцами - дерзкий love-кадр	ea1ba130-1726-45fa-8ee5-d0337ac08b38		/data/generated_images/0fae066d-4bd8-493a-9c2f-461c9a5ec974/output.png	
13adeede-2070-4f18-a965-b2bd468d2f5a	2026-02-14 06:16:21.072548+00	SUCCEEDED	Любовь к себе - алые сердца	2757569e-e1d0-4c6d-93cc-a25e67f30ecd		/data/generated_images/13adeede-2070-4f18-a965-b2bd468d2f5a/output.png	/data/generated_images/13adeede-2070-4f18-a965-b2bd468d2f5a/output.png
0700a1c6-20fe-498b-ae6a-d8388450c5e4	2026-02-14 06:22:56.361657+00	SUCCEEDED	Любовь к себе - алые сердца	2757569e-e1d0-4c6d-93cc-a25e67f30ecd		/data/generated_images/0700a1c6-20fe-498b-ae6a-d8388450c5e4/output.png	/data/generated_images/0700a1c6-20fe-498b-ae6a-d8388450c5e4/output.png
45092de2-dacf-4271-a68b-e1fb97097e03	2026-02-14 06:32:31.510441+00	SUCCEEDED	Поцелуй плюшевому медведю	52486025-1e6d-48d0-b5e9-b9b892f05879		/data/generated_images/45092de2-dacf-4271-a68b-e1fb97097e03/output.png	/data/generated_images/45092de2-dacf-4271-a68b-e1fb97097e03/output.png
d193a0dd-5d6a-4724-986f-2a156eadb468	2026-02-14 06:33:13.02877+00	SUCCEEDED	Поцелуй плюшевому медведю	52486025-1e6d-48d0-b5e9-b9b892f05879		/data/generated_images/d193a0dd-5d6a-4724-986f-2a156eadb468/output.png	/data/generated_images/d193a0dd-5d6a-4724-986f-2a156eadb468/output.png
006de516-9cd9-4884-bb14-258d1d0c07a5	2026-02-14 06:33:28.940658+00	FAILED	Красная стена и дерзкая тень - гламур с характером	954cc354-05ea-464b-808d-c51b3003cf70	/data/generated_images/inputs/AgACAgIAAxkBAAID1GmPaUMSg-kKPioAAeI2ZZlLmefW-AACERlrG4mqeUgHhdCgfT1bXwEAAwIAA3kAAzoE.jpg		
441830b8-7a44-40fb-80eb-3c55cbea6642	2026-02-14 06:34:51.787774+00	SUCCEEDED	У зеркала	7a012b0c-dc68-4a73-b290-6afa87dd5145		/data/generated_images/441830b8-7a44-40fb-80eb-3c55cbea6642/output.png	/data/generated_images/441830b8-7a44-40fb-80eb-3c55cbea6642/output.png
208c8395-2ff6-4b6a-8d42-b65453d9d691	2026-02-14 06:35:17.717664+00	SUCCEEDED	У зеркала	7a012b0c-dc68-4a73-b290-6afa87dd5145		/data/generated_images/208c8395-2ff6-4b6a-8d42-b65453d9d691/output.png	/data/generated_images/208c8395-2ff6-4b6a-8d42-b65453d9d691/output.png
3bb85b6f-2b29-417f-8e26-18db571926a9	2026-02-14 06:46:28.390372+00	FAILED	Валентинка с поцелуем - игривая love-открытка	d94d98ee-61a1-4fe7-81af-fdd07d76b8ea	/data/generated_images/inputs/AgACAgIAAxkBAAIGoWmQGieJbZCKWgYMSBk5ROm2LcUTAAKC9jEbhXxBS6HSTNRPMkGAAQADAgADeQADOgQ.jpg		
5b8cd6b4-8fab-4bd9-ad78-70f18cea387b	2026-02-14 06:46:57.61625+00	FAILED	Валентинка с поцелуем - игривая love-открытка	d94d98ee-61a1-4fe7-81af-fdd07d76b8ea	/data/generated_images/inputs/regen_3bb85b6f-2b29-417f-8e26-18db571926a9_0_AgACAgIAAxkBAAIG.jpg		
9683d268-34a1-4917-889b-e6dea25d4552	2026-02-14 06:49:18.621486+00	SUCCEEDED	Поцелуй плюшевому медведю	52486025-1e6d-48d0-b5e9-b9b892f05879		/data/generated_images/9683d268-34a1-4917-889b-e6dea25d4552/output.png	/data/generated_images/9683d268-34a1-4917-889b-e6dea25d4552/output.png
220792bb-248a-40e4-81ee-449dc1f6e939	2026-02-14 07:59:40.296065+00	SUCCEEDED	Любовь к себе - алые сердца	2757569e-e1d0-4c6d-93cc-a25e67f30ecd		/data/generated_images/220792bb-248a-40e4-81ee-449dc1f6e939/output.png	/data/generated_images/220792bb-248a-40e4-81ee-449dc1f6e939/output.png
cebb26d2-4582-4a1d-acd8-a0916d3a78c4	2026-02-14 08:09:38.654176+00	SUCCEEDED	У зеркала	7a012b0c-dc68-4a73-b290-6afa87dd5145		/data/generated_images/cebb26d2-4582-4a1d-acd8-a0916d3a78c4/output.png	
d4b2096b-6e3a-445c-a608-84d56ec24e23	2026-02-14 08:10:20.523865+00	SUCCEEDED	У зеркала	7a012b0c-dc68-4a73-b290-6afa87dd5145		/data/generated_images/d4b2096b-6e3a-445c-a608-84d56ec24e23/output.png	
b28ae209-eb48-4087-aa17-22a7b6eb2d10	2026-02-14 08:11:50.750647+00	SUCCEEDED	Поцелуй плюшевому медведю	52486025-1e6d-48d0-b5e9-b9b892f05879		/data/generated_images/b28ae209-eb48-4087-aa17-22a7b6eb2d10/output.png	/data/generated_images/b28ae209-eb48-4087-aa17-22a7b6eb2d10/output.png
4d328323-0ac0-4ab9-850b-eaf7f5ad884a	2026-02-14 08:12:20.536842+00	SUCCEEDED	Поцелуй плюшевому медведю	52486025-1e6d-48d0-b5e9-b9b892f05879		/data/generated_images/4d328323-0ac0-4ab9-850b-eaf7f5ad884a/output.png	
16a43c7e-71e6-44c9-8d61-c70caf4f9f64	2026-02-14 08:12:43.767011+00	SUCCEEDED	Поцелуй плюшевому медведю	52486025-1e6d-48d0-b5e9-b9b892f05879		/data/generated_images/16a43c7e-71e6-44c9-8d61-c70caf4f9f64/output.png	
dd3e0c4d-eaff-4004-833b-fec4fb3c0472	2026-02-14 08:14:26.515757+00	SUCCEEDED	Love is - милая парная открытка	7ec6071c-7be1-44bd-a689-29f063f5ed2a		/data/generated_images/dd3e0c4d-eaff-4004-833b-fec4fb3c0472/output.png	/data/generated_images/dd3e0c4d-eaff-4004-833b-fec4fb3c0472/output.png
eedef220-6e37-427e-b0b4-1bacec0c30f0	2026-02-14 08:14:30.969795+00	SUCCEEDED	Красная стена и дерзкая тень - гламур с характером	954cc354-05ea-464b-808d-c51b3003cf70		/data/generated_images/eedef220-6e37-427e-b0b4-1bacec0c30f0/output.png	
6755f2ed-9172-4950-9b68-d5a1f6fa9614	2026-02-14 09:37:58.307089+00	SUCCEEDED	Сердца вокруг - нежный романтичный портрет	25c878df-c400-4c1f-aa13-7384c9aa65f3		/data/generated_images/6755f2ed-9172-4950-9b68-d5a1f6fa9614/output.png	/data/generated_images/6755f2ed-9172-4950-9b68-d5a1f6fa9614/output.png
3dc5cac3-4b21-4dcc-9f53-92b6044cedd9	2026-02-14 09:39:14.650821+00	SUCCEEDED	Сердца вокруг - нежный романтичный портрет	25c878df-c400-4c1f-aa13-7384c9aa65f3		/data/generated_images/3dc5cac3-4b21-4dcc-9f53-92b6044cedd9/output.png	/data/generated_images/3dc5cac3-4b21-4dcc-9f53-92b6044cedd9/output.png
50316719-2908-4198-b1af-b2ab6fac6e5a	2026-02-14 09:42:57.433862+00	SUCCEEDED	Красная стена и дерзкая тень - гламур с характером	954cc354-05ea-464b-808d-c51b3003cf70		/data/generated_images/50316719-2908-4198-b1af-b2ab6fac6e5a/output.png	
ad1c41c9-e428-4713-a990-231dfd7c2e1f	2026-02-14 09:45:09.52758+00	SUCCEEDED	Love is - милая парная открытка	7ec6071c-7be1-44bd-a689-29f063f5ed2a		/data/generated_images/ad1c41c9-e428-4713-a990-231dfd7c2e1f/output.png	
5f244b1d-96b6-4662-8ca3-89e922a5a804	2026-02-14 09:49:24.656025+00	SUCCEEDED	С букетом 101 розы	c8c96d15-ca9e-49df-8e16-c501be301125		/data/generated_images/5f244b1d-96b6-4662-8ca3-89e922a5a804/output.png	/data/generated_images/5f244b1d-96b6-4662-8ca3-89e922a5a804/output.png
ed16026b-809b-4931-b609-43cb4070a65b	2026-02-14 10:24:34.494473+00	SUCCEEDED	Любовь к себе - алые сердца	2757569e-e1d0-4c6d-93cc-a25e67f30ecd		/data/generated_images/ed16026b-809b-4931-b609-43cb4070a65b/output.png	
773cfcad-8aa9-450c-acab-9946ca4c1c26	2026-02-14 10:25:21.786511+00	SUCCEEDED	Любовь к себе - алые сердца	2757569e-e1d0-4c6d-93cc-a25e67f30ecd		/data/generated_images/773cfcad-8aa9-450c-acab-9946ca4c1c26/output.png	
9e06f398-d70a-42c2-8b64-165326ee36ef	2026-02-14 10:26:30.71817+00	SUCCEEDED	Среди красных медведей	906bd09e-fddf-4d61-82ed-1ec233cad015		/data/generated_images/9e06f398-d70a-42c2-8b64-165326ee36ef/output.png	
f7c5cec1-fb12-4652-ab63-2e410530670d	2026-02-14 10:26:52.679323+00	SUCCEEDED	Среди красных медведей	906bd09e-fddf-4d61-82ed-1ec233cad015		/data/generated_images/f7c5cec1-fb12-4652-ab63-2e410530670d/output.png	
47331c02-097f-4faa-89a2-09a5974dcb29	2026-02-14 10:29:23.141035+00	SUCCEEDED	Love is - милая парная открытка	7ec6071c-7be1-44bd-a689-29f063f5ed2a		/data/generated_images/47331c02-097f-4faa-89a2-09a5974dcb29/output.png	
735c0cfa-d790-469f-9134-93c390c7a289	2026-02-14 10:37:55.305323+00	FAILED	Валентинка с поцелуем - игривая love-открытка	d94d98ee-61a1-4fe7-81af-fdd07d76b8ea	/data/generated_images/inputs/AgACAgIAAxkBAAIHkmmQUHxRFP75mrjAIz33A4GfZQkIAALhE2sbe--ASN4w7eClDOK4AQADAgADeQADOgQ.jpg		
ce622d46-78ac-42ea-b21f-0e58f443828b	2026-02-14 10:38:19.273305+00	FAILED	Валентинка с поцелуем - игривая love-открытка	d94d98ee-61a1-4fe7-81af-fdd07d76b8ea	/data/generated_images/inputs/regen_735c0cfa-d790-469f-9134-93c390c7a289_0_AgACAgIAAxkBAAIH.jpg		
e5d405d5-a8ba-4a53-a814-a206ec047919	2026-02-14 10:38:36.706759+00	FAILED	Валентинка с поцелуем - игривая love-открытка	d94d98ee-61a1-4fe7-81af-fdd07d76b8ea	/data/generated_images/inputs/regen_ce622d46-78ac-42ea-b21f-0e58f443828b_0_AgACAgIAAxkBAAIH.jpg		
8a033b0a-d43f-4ad5-b00a-e22660628f09	2026-02-14 11:03:12.949897+00	SUCCEEDED	С букетом 101 розы	c8c96d15-ca9e-49df-8e16-c501be301125		/data/generated_images/8a033b0a-d43f-4ad5-b00a-e22660628f09/output.png	/data/generated_images/8a033b0a-d43f-4ad5-b00a-e22660628f09/output.png
1c0d7f0d-ba11-4f8c-86fc-7fe801768156	2026-02-14 11:04:12.110634+00	SUCCEEDED	С букетом 101 розы	c8c96d15-ca9e-49df-8e16-c501be301125		/data/generated_images/1c0d7f0d-ba11-4f8c-86fc-7fe801768156/output.png	/data/generated_images/1c0d7f0d-ba11-4f8c-86fc-7fe801768156/output.png
7758d981-c40a-4078-a4a5-a905a1365419	2026-02-14 11:09:19.594367+00	SUCCEEDED	Купидон и цель	e790d70c-a8bb-4d8f-b213-01019378e970		/data/generated_images/7758d981-c40a-4078-a4a5-a905a1365419/output.png	/data/generated_images/7758d981-c40a-4078-a4a5-a905a1365419/output.png
eeebedd5-ff6b-4232-9c94-e9fec9c3e557	2026-02-14 11:14:10.379111+00	SUCCEEDED	XOXO и букет алых роз - гламурное селфи	8e759039-67cf-4760-a406-1a1ff25aefd9		/data/generated_images/eeebedd5-ff6b-4232-9c94-e9fec9c3e557/output.png	/data/generated_images/eeebedd5-ff6b-4232-9c94-e9fec9c3e557/output.png
23cb5c14-ad62-46b7-8669-3f3c7537ee40	2026-02-14 11:34:54.297109+00	SUCCEEDED	💡 Своя идея (custom)	custom		/data/generated_images/23cb5c14-ad62-46b7-8669-3f3c7537ee40/output.png	/data/generated_images/23cb5c14-ad62-46b7-8669-3f3c7537ee40/output.png
8a105926-386f-442e-bb61-8a08d5fabb64	2026-02-14 11:41:37.305458+00	SUCCEEDED	Валентинка с поцелуем - игривая love-открытка	d94d98ee-61a1-4fe7-81af-fdd07d76b8ea		/data/generated_images/8a105926-386f-442e-bb61-8a08d5fabb64/output.png	/data/generated_images/8a105926-386f-442e-bb61-8a08d5fabb64/output.png
f1990c85-ef71-4b0a-89b9-27c799770d70	2026-02-14 12:06:53.275218+00	SUCCEEDED	Красная стена и дерзкая тень - гламур с характером	954cc354-05ea-464b-808d-c51b3003cf70		/data/generated_images/f1990c85-ef71-4b0a-89b9-27c799770d70/output.png	/data/generated_images/f1990c85-ef71-4b0a-89b9-27c799770d70/output.png
9dad1508-9d81-4e0c-af4e-879f03058a75	2026-02-14 12:09:59.418836+00	SUCCEEDED	Среди красных медведей	906bd09e-fddf-4d61-82ed-1ec233cad015		/data/generated_images/9dad1508-9d81-4e0c-af4e-879f03058a75/output.png	
3e7a592c-c59f-45eb-9513-552d5c3fd91c	2026-02-14 12:11:02.15175+00	SUCCEEDED	Среди красных медведей	906bd09e-fddf-4d61-82ed-1ec233cad015		/data/generated_images/3e7a592c-c59f-45eb-9513-552d5c3fd91c/output.png	
89bdabe3-0a6c-4da8-9f48-c737c1848e30	2026-02-14 12:11:43.449575+00	SUCCEEDED	Среди красных медведей	906bd09e-fddf-4d61-82ed-1ec233cad015		/data/generated_images/89bdabe3-0a6c-4da8-9f48-c737c1848e30/output.png	
13c1c863-6897-4f46-9d28-604c298122ec	2026-02-14 12:13:25.414759+00	SUCCEEDED	Среди красных медведей	906bd09e-fddf-4d61-82ed-1ec233cad015		/data/generated_images/13c1c863-6897-4f46-9d28-604c298122ec/output.png	
b0d37da6-1ece-4371-960b-c2a1aa8686ab	2026-02-14 12:13:59.677849+00	SUCCEEDED	Среди красных медведей	906bd09e-fddf-4d61-82ed-1ec233cad015		/data/generated_images/b0d37da6-1ece-4371-960b-c2a1aa8686ab/output.png	
08f704b2-536b-4d32-bf9b-a48c3adf95cd	2026-02-14 12:17:34.602269+00	SUCCEEDED	💡 Своя идея (custom)	custom		/data/generated_images/08f704b2-536b-4d32-bf9b-a48c3adf95cd/output.png	/data/generated_images/08f704b2-536b-4d32-bf9b-a48c3adf95cd/output.png
1e90a032-a587-4c5e-97c1-6375573c47fe	2026-02-14 13:14:20.69911+00	SUCCEEDED	Love is - милая парная открытка	7ec6071c-7be1-44bd-a689-29f063f5ed2a		/data/generated_images/1e90a032-a587-4c5e-97c1-6375573c47fe/output.png	/data/generated_images/1e90a032-a587-4c5e-97c1-6375573c47fe/output.png
add6e9e7-cdfd-47ad-83a0-ffe86e22e3ff	2026-02-14 13:15:42.537586+00	SUCCEEDED	Школьная любовь	675d1b07-4f8d-4fb5-89c5-9479231bf2cd		/data/generated_images/add6e9e7-cdfd-47ad-83a0-ffe86e22e3ff/output.png	/data/generated_images/add6e9e7-cdfd-47ad-83a0-ffe86e22e3ff/output.png
387c1a5c-7c4e-4764-90c8-d9354ab602c6	2026-02-14 13:17:12.847851+00	SUCCEEDED	Среди красных сердец	4601a4b3-023b-4d82-b8c3-bcfb08062eb8		/data/generated_images/387c1a5c-7c4e-4764-90c8-d9354ab602c6/output.png	/data/generated_images/387c1a5c-7c4e-4764-90c8-d9354ab602c6/output.png
38715060-ae3b-4d8b-bff0-215f7735573c	2026-02-14 15:24:50.926372+00	SUCCEEDED	Красная стена и дерзкая тень - гламур с характером	954cc354-05ea-464b-808d-c51b3003cf70		/data/generated_images/38715060-ae3b-4d8b-bff0-215f7735573c/output.png	
fbc8d185-5fda-4ca7-9917-03f5e8f6c9ab	2026-02-14 15:25:27.819966+00	SUCCEEDED	Красная стена и дерзкая тень - гламур с характером	954cc354-05ea-464b-808d-c51b3003cf70		/data/generated_images/fbc8d185-5fda-4ca7-9917-03f5e8f6c9ab/output.png	
a0b3d4f0-e2e2-499a-82e8-34c4a1fd1375	2026-02-14 15:29:57.240024+00	SUCCEEDED	Love is - милая парная открытка	7ec6071c-7be1-44bd-a689-29f063f5ed2a		/data/generated_images/a0b3d4f0-e2e2-499a-82e8-34c4a1fd1375/output.png	
0e8e3f1b-5448-458c-abba-af886dbaa99e	2026-02-14 15:30:29.224133+00	SUCCEEDED	Love is - милая парная открытка	7ec6071c-7be1-44bd-a689-29f063f5ed2a		/data/generated_images/0e8e3f1b-5448-458c-abba-af886dbaa99e/output.png	
b4f66233-e12f-47a3-b1b2-6d346a94f9e6	2026-02-14 15:42:26.882307+00	SUCCEEDED	💡 Своя идея (custom)	custom		/data/generated_images/b4f66233-e12f-47a3-b1b2-6d346a94f9e6/output.png	
e0da0e73-d4d4-495c-bb1a-108ed198694e	2026-02-14 15:44:41.819166+00	SUCCEEDED	💡 Своя идея (custom)	custom		/data/generated_images/e0da0e73-d4d4-495c-bb1a-108ed198694e/output.png	/data/generated_images/e0da0e73-d4d4-495c-bb1a-108ed198694e/output.png
c2e9c0cc-7dde-474a-b696-a16c62a1a40d	2026-02-14 16:21:22.212074+00	SUCCEEDED	Среди красных медведей	906bd09e-fddf-4d61-82ed-1ec233cad015		/data/generated_images/c2e9c0cc-7dde-474a-b696-a16c62a1a40d/output.png	/data/generated_images/c2e9c0cc-7dde-474a-b696-a16c62a1a40d/output.png
c5f7f794-0b5c-4b82-8922-2c19b7a9bf93	2026-02-14 16:24:07.494991+00	SUCCEEDED	С букетом 101 розы	c8c96d15-ca9e-49df-8e16-c501be301125		/data/generated_images/c5f7f794-0b5c-4b82-8922-2c19b7a9bf93/output.png	/data/generated_images/c5f7f794-0b5c-4b82-8922-2c19b7a9bf93/output.png
599efdfc-6d71-497a-a740-06b60ca2c745	2026-02-14 16:25:22.470822+00	SUCCEEDED	Поцелуй плюшевому медведю	52486025-1e6d-48d0-b5e9-b9b892f05879		/data/generated_images/599efdfc-6d71-497a-a740-06b60ca2c745/output.png	/data/generated_images/599efdfc-6d71-497a-a740-06b60ca2c745/output.png
665568da-0de0-40d7-94bd-9f8fe753aa2f	2026-02-14 17:22:48.931285+00	SUCCEEDED	У зеркала	7a012b0c-dc68-4a73-b290-6afa87dd5145		/data/generated_images/665568da-0de0-40d7-94bd-9f8fe753aa2f/output.png	/data/generated_images/665568da-0de0-40d7-94bd-9f8fe753aa2f/output.png
e8294e52-1f76-4b3b-9e4a-146c5344c8a3	2026-02-14 17:24:38.079032+00	SUCCEEDED	У зеркала	7a012b0c-dc68-4a73-b290-6afa87dd5145		/data/generated_images/e8294e52-1f76-4b3b-9e4a-146c5344c8a3/output.png	/data/generated_images/e8294e52-1f76-4b3b-9e4a-146c5344c8a3/output.png
6f048147-6c39-4572-be6f-86b20a72963f	2026-02-14 17:25:35.044314+00	SUCCEEDED	Среди красных сердец	4601a4b3-023b-4d82-b8c3-bcfb08062eb8		/data/generated_images/6f048147-6c39-4572-be6f-86b20a72963f/output.png	/data/generated_images/6f048147-6c39-4572-be6f-86b20a72963f/output.png
c26183e3-0710-4d56-91e8-994871b155ab	2026-02-14 17:34:22.3884+00	SUCCEEDED	У зеркала	7a012b0c-dc68-4a73-b290-6afa87dd5145		/data/generated_images/c26183e3-0710-4d56-91e8-994871b155ab/output.png	/data/generated_images/c26183e3-0710-4d56-91e8-994871b155ab/output.png
9548e7f9-77f9-4f1d-ba59-c30c62bc82aa	2026-02-14 17:35:16.17897+00	SUCCEEDED	У зеркала	7a012b0c-dc68-4a73-b290-6afa87dd5145		/data/generated_images/9548e7f9-77f9-4f1d-ba59-c30c62bc82aa/output.png	/data/generated_images/9548e7f9-77f9-4f1d-ba59-c30c62bc82aa/output.png
39deaeb3-7964-445d-b434-d83fd417f7f9	2026-02-14 17:41:33.6167+00	SUCCEEDED	У зеркала	7a012b0c-dc68-4a73-b290-6afa87dd5145		/data/generated_images/39deaeb3-7964-445d-b434-d83fd417f7f9/output.png	/data/generated_images/39deaeb3-7964-445d-b434-d83fd417f7f9/output.png
1d64ef16-1ed8-401e-b324-28848abaffc8	2026-02-14 18:47:16.887347+00	SUCCEEDED	В автомате с сердцами - дерзкий love-кадр	ea1ba130-1726-45fa-8ee5-d0337ac08b38		/data/generated_images/1d64ef16-1ed8-401e-b324-28848abaffc8/output.png	/data/generated_images/1d64ef16-1ed8-401e-b324-28848abaffc8/output.png
336f5f6a-7ffd-4a5f-b511-ad04b355d57d	2026-02-14 19:24:54.071097+00	SUCCEEDED	Среди красных сердец	4601a4b3-023b-4d82-b8c3-bcfb08062eb8		/data/generated_images/336f5f6a-7ffd-4a5f-b511-ad04b355d57d/output.png	/data/generated_images/336f5f6a-7ffd-4a5f-b511-ad04b355d57d/output.png
79ebcc4a-91d0-41b1-9a2d-b1bb9c839ecd	2026-02-14 19:26:09.403084+00	SUCCEEDED	День самовлюблённых - дерзкий love-кадр	804727d9-4008-40c7-a53a-78e5072a3560		/data/generated_images/79ebcc4a-91d0-41b1-9a2d-b1bb9c839ecd/output.png	/data/generated_images/79ebcc4a-91d0-41b1-9a2d-b1bb9c839ecd/output.png
3e0d577e-94ba-46ff-a1d5-6fec5f9f291e	2026-02-14 19:30:01.280431+00	SUCCEEDED	Розовое сердце и цветы - нежный fashion-кадр	d74d26cb-7904-45bb-912e-14da592eb188		/data/generated_images/3e0d577e-94ba-46ff-a1d5-6fec5f9f291e/output.png	/data/generated_images/3e0d577e-94ba-46ff-a1d5-6fec5f9f291e/output.png
346b3418-e445-4d1b-b5bd-60fca00cf87f	2026-02-14 21:20:35.696958+00	SUCCEEDED	Среди красных медведей	906bd09e-fddf-4d61-82ed-1ec233cad015		/data/generated_images/346b3418-e445-4d1b-b5bd-60fca00cf87f/output.png	/data/generated_images/346b3418-e445-4d1b-b5bd-60fca00cf87f/output.png
c59f639e-2bc4-4c0c-b1aa-371e996ab47f	2026-02-14 21:23:16.166922+00	SUCCEEDED	У зеркала	7a012b0c-dc68-4a73-b290-6afa87dd5145		/data/generated_images/c59f639e-2bc4-4c0c-b1aa-371e996ab47f/output.png	/data/generated_images/c59f639e-2bc4-4c0c-b1aa-371e996ab47f/output.png
7109fe54-67c3-4c81-92b4-e9326493f81b	2026-02-14 21:26:22.771464+00	SUCCEEDED	Среди красных медведей	906bd09e-fddf-4d61-82ed-1ec233cad015		/data/generated_images/7109fe54-67c3-4c81-92b4-e9326493f81b/output.png	/data/generated_images/7109fe54-67c3-4c81-92b4-e9326493f81b/output.png
9b6f033d-591b-4e53-8d08-277fca386fa5	2026-02-14 21:33:53.953105+00	FAILED	Валентинка с поцелуем - игривая love-открытка	d94d98ee-61a1-4fe7-81af-fdd07d76b8ea	/data/generated_images/inputs/AgACAgIAAxkBAAIJtmmQ6HqloiomUHu354RKI6Ww4c01AAIrF2sbZiOISKtaTICFeJ1PAQADAgADdwADOgQ.jpg		
e60c9075-19a5-4de8-af62-d2445de488d3	2026-02-15 02:10:12.961168+00	SUCCEEDED	Среди красных сердец	4601a4b3-023b-4d82-b8c3-bcfb08062eb8		/data/generated_images/e60c9075-19a5-4de8-af62-d2445de488d3/output.png	/data/generated_images/e60c9075-19a5-4de8-af62-d2445de488d3/output.png
0f16907d-6fa0-4741-943a-7d5c7a425e7f	2026-02-15 05:25:57.117433+00	SUCCEEDED	💡 Своя идея (custom)	custom		/data/generated_images/0f16907d-6fa0-4741-943a-7d5c7a425e7f/output.png	/data/generated_images/0f16907d-6fa0-4741-943a-7d5c7a425e7f/output.png
7a59be7a-1cd6-4c1f-b833-8c8148c143b3	2026-02-15 09:49:39.578647+00	SUCCEEDED	Красное платье и сердце-свет - страстный портрет	a0eeb1ab-ce0d-4495-acce-c4c582cdd026		/data/generated_images/7a59be7a-1cd6-4c1f-b833-8c8148c143b3/output.png	/data/generated_images/7a59be7a-1cd6-4c1f-b833-8c8148c143b3/output.png
aa5d39f0-beed-4189-98e8-c515bc3d5cd1	2026-02-15 09:50:40.497571+00	SUCCEEDED	Красное платье и сердце-свет - страстный портрет	a0eeb1ab-ce0d-4495-acce-c4c582cdd026		/data/generated_images/aa5d39f0-beed-4189-98e8-c515bc3d5cd1/output.png	/data/generated_images/aa5d39f0-beed-4189-98e8-c515bc3d5cd1/output.png
683ba5e4-8dc1-493f-b9ab-2972e6457a98	2026-02-15 09:54:20.694328+00	FAILED	День самовлюблённых - дерзкий love-кадр	804727d9-4008-40c7-a53a-78e5072a3560	/data/generated_images/inputs/AgACAgIAAxkBAAIKKWmRl5Muou3OxWGhiQWhAAHFznY9AAPKE2sbxBqJSDwDyXKqdeJEAQADAgADeQADOgQ.jpg		
db470bec-b436-45b0-b3ce-3705ec6dad85	2026-02-15 11:42:37.814581+00	SUCCEEDED	Валентинка с поцелуем - игривая love-открытка	d94d98ee-61a1-4fe7-81af-fdd07d76b8ea		/data/generated_images/db470bec-b436-45b0-b3ce-3705ec6dad85/output.png	
b4759a93-e3aa-4193-ab8a-d87e385440e4	2026-02-15 11:42:56.911013+00	FAILED	Валентинка с поцелуем - игривая love-открытка	d94d98ee-61a1-4fe7-81af-fdd07d76b8ea	/data/generated_images/inputs/regen_db470bec-b436-45b0-b3ce-3705ec6dad85_0_AgACAgIAAxkBAAIK.jpg		
8a8a0e84-25a1-440e-8e74-d7e75b724014	2026-02-15 13:36:40.139082+00	SUCCEEDED	Love is - милая парная открытка	7ec6071c-7be1-44bd-a689-29f063f5ed2a		/data/generated_images/8a8a0e84-25a1-440e-8e74-d7e75b724014/output.png	/data/generated_images/8a8a0e84-25a1-440e-8e74-d7e75b724014/output.png
67d3167a-7cda-4d3f-ab60-1e187a87efe2	2026-02-15 13:38:19.779697+00	FAILED	Валентинка с поцелуем - игривая love-открытка	d94d98ee-61a1-4fe7-81af-fdd07d76b8ea	/data/generated_images/inputs/AgACAgIAAxkBAAIKWWmRy7_50UPfP6lRiTSQ6LZGft-8AAJcFmsbIcKBSIH-Ug3GH3gNAQADAgADdwADOgQ.jpg		
0e866bd3-6e24-455a-9409-d14c43619b04	2026-02-15 14:19:09.734751+00	SUCCEEDED	С букетом 101 розы	c8c96d15-ca9e-49df-8e16-c501be301125		/data/generated_images/0e866bd3-6e24-455a-9409-d14c43619b04/output.png	/data/generated_images/0e866bd3-6e24-455a-9409-d14c43619b04/output.png
e3c7612e-4765-463a-9a68-4d1e645a3d2c	2026-02-15 16:13:10.076867+00	SUCCEEDED	Красное платье и шары-поцелуи - гламурный love-кадр	7c96ba16-00d7-4df5-a647-8a4dd676c234		/data/generated_images/e3c7612e-4765-463a-9a68-4d1e645a3d2c/output.png	
6844c734-2353-4614-9004-13a8dc1a3c77	2026-02-15 16:13:31.089063+00	SUCCEEDED	Красное платье и шары-поцелуи - гламурный love-кадр	7c96ba16-00d7-4df5-a647-8a4dd676c234		/data/generated_images/6844c734-2353-4614-9004-13a8dc1a3c77/output.png	
9156b457-8ae4-47bd-829f-00242b5c343d	2026-02-15 16:13:52.371751+00	SUCCEEDED	Красное платье и шары-поцелуи - гламурный love-кадр	7c96ba16-00d7-4df5-a647-8a4dd676c234		/data/generated_images/9156b457-8ae4-47bd-829f-00242b5c343d/output.png	
445213cb-5b1e-401c-ab9c-baccda86b80b	2026-02-15 16:15:16.31422+00	SUCCEEDED	Красная стена и дерзкая тень - гламур с характером	954cc354-05ea-464b-808d-c51b3003cf70		/data/generated_images/445213cb-5b1e-401c-ab9c-baccda86b80b/output.png	
2c09c980-e9b9-41cf-8b7d-f6c77bdc72cd	2026-02-15 16:15:48.740824+00	SUCCEEDED	Красная стена и дерзкая тень - гламур с характером	954cc354-05ea-464b-808d-c51b3003cf70		/data/generated_images/2c09c980-e9b9-41cf-8b7d-f6c77bdc72cd/output.png	
6ea929e5-7f4d-4742-ace5-017d263f1061	2026-02-15 16:16:08.958619+00	SUCCEEDED	Красная стена и дерзкая тень - гламур с характером	954cc354-05ea-464b-808d-c51b3003cf70		/data/generated_images/6ea929e5-7f4d-4742-ace5-017d263f1061/output.png	
a088e341-9afc-4935-845f-74fcbcda71fb	2026-02-15 16:17:29.670654+00	SUCCEEDED	Среди красных сердец	4601a4b3-023b-4d82-b8c3-bcfb08062eb8		/data/generated_images/a088e341-9afc-4935-845f-74fcbcda71fb/output.png	
9cb67e63-ee49-47ff-a90b-d5d0231f9c31	2026-02-15 17:46:30.980957+00	SUCCEEDED	В автомате с сердцами - дерзкий love-кадр	ea1ba130-1726-45fa-8ee5-d0337ac08b38		/data/generated_images/9cb67e63-ee49-47ff-a90b-d5d0231f9c31/output.png	
7f924172-0211-4246-abfe-31aafec4f4b6	2026-02-15 17:46:56.560887+00	SUCCEEDED	В автомате с сердцами - дерзкий love-кадр	ea1ba130-1726-45fa-8ee5-d0337ac08b38		/data/generated_images/7f924172-0211-4246-abfe-31aafec4f4b6/output.png	
e5dbbfc5-df60-4002-9c7c-518b015af9d0	2026-02-15 17:48:28.321107+00	SUCCEEDED	В автомате с сердцами - дерзкий love-кадр	ea1ba130-1726-45fa-8ee5-d0337ac08b38		/data/generated_images/e5dbbfc5-df60-4002-9c7c-518b015af9d0/output.png	
28556d7d-dcf2-42d3-91c1-7f8a770baf1e	2026-02-15 17:48:57.243879+00	SUCCEEDED	В автомате с сердцами - дерзкий love-кадр	ea1ba130-1726-45fa-8ee5-d0337ac08b38		/data/generated_images/28556d7d-dcf2-42d3-91c1-7f8a770baf1e/output.png	
d57aeea5-1215-4dcd-9f28-425e5d13ec5e	2026-02-15 17:50:26.288526+00	SUCCEEDED	В автомате с сердцами - дерзкий love-кадр	ea1ba130-1726-45fa-8ee5-d0337ac08b38		/data/generated_images/d57aeea5-1215-4dcd-9f28-425e5d13ec5e/output.png	
f7ef92f1-53e4-4d2e-8e47-51eceb3dfe1c	2026-02-15 18:17:45.870998+00	SUCCEEDED	Среди красных сердец	4601a4b3-023b-4d82-b8c3-bcfb08062eb8		/data/generated_images/f7ef92f1-53e4-4d2e-8e47-51eceb3dfe1c/output.png	
009c00ce-b04c-47b1-96d4-7182530208ef	2026-02-16 00:57:18.518811+00	SUCCEEDED	💡 Своя идея (custom)	custom		/data/generated_images/009c00ce-b04c-47b1-96d4-7182530208ef/output.png	/data/generated_images/009c00ce-b04c-47b1-96d4-7182530208ef/output.png
1564e5db-29d4-4be5-8a5c-f775dfad9c36	2026-02-16 01:07:46.089235+00	SUCCEEDED	💡 Своя идея (custom)	custom		/data/generated_images/1564e5db-29d4-4be5-8a5c-f775dfad9c36/output.png	/data/generated_images/1564e5db-29d4-4be5-8a5c-f775dfad9c36/output.png
5ade2f9c-4649-45a7-9b07-05b6ae6ae1b1	2026-02-16 01:41:34.821869+00	FAILED	💡 Своя идея (custom)	custom	/data/generated_images/inputs/AgACAgIAAxkBAAIK62mSc-aBqhKxYZw53eXUAcCaWx98AAJrG2sb_o-RSCVBV8gdHdJNAQADAgADeQADOgQ.jpg		
5aec5a27-9d76-4519-97e2-a3db5a91618d	2026-02-16 08:31:40.586416+00	SUCCEEDED	Анти-Валентин	8423186c-389a-44b1-84ae-8dfa4a52d7db		/data/generated_images/5aec5a27-9d76-4519-97e2-a3db5a91618d/output.png	
531e9131-e877-4df3-9ed1-0db155b576ac	2026-02-16 08:31:58.303292+00	SUCCEEDED	Анти-Валентин	8423186c-389a-44b1-84ae-8dfa4a52d7db		/data/generated_images/531e9131-e877-4df3-9ed1-0db155b576ac/output.png	
3952aa76-d5bb-4ea6-ae44-c9ffd0dd8b1c	2026-02-16 08:32:15.011755+00	SUCCEEDED	Анти-Валентин	8423186c-389a-44b1-84ae-8dfa4a52d7db		/data/generated_images/3952aa76-d5bb-4ea6-ae44-c9ffd0dd8b1c/output.png	
cb555e5e-00c6-4b2d-b106-b84e8d7e99b3	2026-02-16 14:04:07.107842+00	FAILED	💡 Своя идея (custom)	custom	/data/generated_images/inputs/AgACAgIAAxkBAAIK62mSc-aBqhKxYZw53eXUAcCaWx98AAJrG2sb_o-RSCVBV8gdHdJNAQADAgADeQADOgQ.jpg		
aaa8fadd-ad19-4185-9c67-2f5469f6ac97	2026-02-16 14:04:19.398468+00	FAILED	💡 Своя идея (custom)	custom	/data/generated_images/inputs/regen_cb555e5e-00c6-4b2d-b106-b84e8d7e99b3_0_AgACAgIAAxkBAAIK.jpg		
49bfe815-356f-4ef2-878f-2fdfb0d95489	2026-02-20 04:18:27.723481+00	SUCCEEDED	Среди красных медведей	906bd09e-fddf-4d61-82ed-1ec233cad015	/data/generated_images/inputs/AgACAgIAAxkBAAILM2mX0eZYIudGvIM4MjlodHP0_JOqAAJSEWsbrgzASPIeLK16WVs4AQADAgADeQADOgQ.jpg	/data/generated_images/outputs/49bfe815-356f-4ef2-878f-2fdfb0d95489.png	
3c5ff7ad-9067-4476-8f79-58cbc2a14891	2026-02-20 04:21:10.290678+00	SUCCEEDED	У зеркала	7a012b0c-dc68-4a73-b290-6afa87dd5145	/data/generated_images/inputs/AgACAgIAAxkBAAILVGmX4NIU5V3FJa-gaulkBiUaqGj_AAKNEWsbrgzASEcXoW-b1JX6AQADAgADeQADOgQ.jpg	/data/generated_images/outputs/3c5ff7ad-9067-4476-8f79-58cbc2a14891.png	
e10b244b-4b84-4481-8157-fd643849b055	2026-02-20 04:26:57.175162+00	CREATED	Валентинка с поцелуем - игривая love-открытка	d94d98ee-61a1-4fe7-81af-fdd07d76b8ea	/data/generated_images/inputs/AgACAgIAAxkBAAILY2mX4nqHAAGQ66gapacRbUrbcqUQJwACwBNrG46iwUgb93r-GCjufQEAAwIAA3kAAzoE.jpg		
96193480-2400-4606-a6a6-57d6e8d1176f	2026-02-21 22:51:59.065858+00	FAILED	💡 Своя идея (custom)	custom	/data/generated_images/inputs/AgACAgIAAxkBAAILpGmaNsZlqxQvIhH4RSp2QDqga6O_AAI1GGsbX9fRSPnzOgdx4SBVAQADAgADeQADOgQ.jpg		
fc651b63-0742-44ae-8b48-39ee2d3f4683	2026-02-21 22:53:21.003056+00	SUCCEEDED	Красная стена и дерзкая тень - гламур с характером	954cc354-05ea-464b-808d-c51b3003cf70	/data/generated_images/inputs/AgACAgIAAxkBAAILpGmaNsZlqxQvIhH4RSp2QDqga6O_AAI1GGsbX9fRSPnzOgdx4SBVAQADAgADeQADOgQ.jpg	/data/generated_images/outputs/fc651b63-0742-44ae-8b48-39ee2d3f4683.png	
177adc0c-b979-45de-aa28-e97c2932019b	2026-02-23 14:51:51.041203+00	SUCCEEDED	С букетом 101 розы	c8c96d15-ca9e-49df-8e16-c501be301125	/data/generated_images/inputs/BQACAgIAAxkBAAILxWmcaW102EF_ltSw_C8m4xuqWEdCAAJPlAACATngSA2ybq5UHwMyOgQ.png	/data/generated_images/outputs/177adc0c-b979-45de-aa28-e97c2932019b.png	
80397fb7-54d5-4949-868a-5b33ac44185a	2026-02-23 15:35:50.552495+00	CREATED	Школьная любовь	675d1b07-4f8d-4fb5-89c5-9479231bf2cd	/data/generated_images/inputs/BQACAgIAAxkBAAIL3Gmcc9EJE_hj-u_ihCTpG0s7zuCaAAIBlQACATngSOjl-tvm-7SxOgQ.png		
f7f9e2ea-1597-4515-91ca-bbf0590e297f	2026-02-23 16:04:10.313799+00	SUCCEEDED	Среди красных медведей	906bd09e-fddf-4d61-82ed-1ec233cad015	/data/generated_images/inputs/BQACAgIAAxkBAAIL5GmcenVkzeT9mxaXCcwGStmyhG4YAAJTlQACATngSFWJk6o0ouR4OgQ.png	/data/generated_images/outputs/f7f9e2ea-1597-4515-91ca-bbf0590e297f_0_preview.png	/data/generated_images/outputs/f7f9e2ea-1597-4515-91ca-bbf0590e297f_0_original.png
(258 rows)
